id,title,author,format,status,read,pct_complete,first_seen,last_seen,events,sources,note_file,deleted
if-anyone-builds-it-everyone-dies-eliezer-yudkowsky-nate,"If Anyone Builds It, Everyone Dies","Eliezer Yudkowsky, Nate Soares",audiobook,reading,,,2026-09-08,,1,libby; wispr-dictation,notes/if-anyone-builds-it-everyone-dies.md,
spent-alison-bechdel,Spent,Alison Bechdel,print,reading,yes,,2026-09-07,,1,shelf-photo,notes/spent.md,
the-unbearable-lightness-of-being-milan-kundera,The Unbearable Lightness of Being,Milan Kundera,print,finished,yes,,2026-08-26,2026-09-06,2,shelf-photo; wispr-dictation,notes/unbearable-lightness-of-being.md,
evidence-of-the-affair-taylor-jenkins-reid,Evidence of the Affair,Taylor Jenkins Reid,audiobook+ebook,owned,,0,2026-08-25,,3,audible; kindle-library; prime-reading,,
small-things-alibis-collection-wanda-m-morris,Small Things (Alibis collection),Wanda M. Morris,audiobook+ebook,owned,,,2026-08-25,,3,audible; kindle-library; prime-reading,,
good-neighbors-alibis-collection-chad-zunker,Good Neighbors (Alibis collection),Chad Zunker,audiobook+ebook,owned,,,2026-08-25,,3,audible; kindle-library; prime-reading,,
false-note-alibis-collection-david-lagercrantz-elizabeth,False Note (Alibis collection),"David Lagercrantz,Elizabeth DeNoma",audiobook+ebook,owned,,,2026-08-25,,3,audible; kindle-library; prime-reading,,
the-skydivers-alibis-collection-chris-bohjalian,The Skydivers (Alibis collection),Chris Bohjalian,audiobook+ebook,owned,,,2026-08-25,,3,audible; kindle-library; prime-reading,,
the-ex-wives-club-alibis-collection-sally-hepworth,The Ex-Wives Club (Alibis collection),Sally Hepworth,audiobook+ebook,owned,,,2026-08-25,,3,audible; kindle-library; prime-reading,,
death-row-alibis-collection-freida-mcfadden,Death Row (Alibis collection),Freida McFadden,audiobook+ebook,owned,,,2026-08-25,,3,audible; kindle-library; prime-reading,,
alibis-unabridged,Alibis (Unabridged),,,wishlist,,,2026-08-25,,1,audible-wishlist,,
the-art-spy-michelle-young,The Art Spy,Michelle Young,library,borrowed,,,2026-08-22,,1,libby,,
hello-molly-a-memoir-unabridged,"Hello, Molly!: A Memoir (Unabridged)",,,wishlist,,,2026-08-22,,1,audible-wishlist,,
the-land-and-its-people-david-sedaris,The Land and Its People,David Sedaris,library,reading,,,2026-08-21,,1,libby,,
all-the-light-we-cannot-see-anthony-doerr,All the Light We Cannot See,Anthony Doerr,library,borrowed,,,2026-08-18,,1,libby,,
strange-pictures-uketsu,Strange Pictures,Uketsu,print,finished,yes,,2026-07-16,2026-08-17,2,lauren-stated,notes/strange-pictures.md,
strange-houses-uketsu,Strange Houses,Uketsu,print,finished,yes,,2026-07-16,2026-08-17,2,lauren-stated,notes/strange-houses.md,
strange-buildings-uketsu,Strange Buildings,Uketsu,print,finished,yes,,2026-07-16,2026-08-17,2,lauren-stated,notes/strange-buildings.md,
the-brain-from-inside-out-unabridged,The Brain from Inside Out (Unabridged),,,wishlist,,,2026-07-08,,1,audible-wishlist,,
what-is-health-allostasis-and-the-evolution-of-human-des,What Is Health?: Allostasis and the Evolution of Human Design (Unabridged),,,wishlist,,,2026-07-08,,1,audible-wishlist,,
a-marriage-at-sea-sophie-elmhirst,A Marriage at Sea,Sophie Elmhirst,library,borrowed,,,2026-06-23,,1,libby,,
understanding-the-brain,Understanding the Brain,,,wishlist,,,2026-06-22,,1,audible-wishlist,,
american-scandal-audible,American Scandal,Audible,audiobook,owned,,,2026-06-05,,1,audible,,
leadership-and-self-deception-the-arbinger-institute,Leadership and Self-Deception,The Arbinger Institute,library,borrowed,,,2026-06-04,,1,libby,,
the-new-perimenopause-mary-claire-haver-md,The New Perimenopause,Mary Claire Haver MD,audiobook,owned,,,2026-05-31,,1,audible-shared,,
patterns-of-the-universe-a-coloring-adventure-in-math-an,Patterns of the Universe: A Coloring Adventure in Math and Beauty,,print,owned,,,2026-05-25,,1,amazon-print,,
visions-of-the-universe-a-coloring-journey-through-math,Visions of the Universe: A Coloring Journey Through Math's Great Mysteries,,print,owned,,,2026-05-25,,1,amazon-print,,
the-mythical-man-month-frederick-p-brooks-jr,The Mythical Man-Month,Frederick P. Brooks Jr.,library,wishlist,,,2026-05-07,2026-05-25,2,audible-wishlist; libby,,
the-mythical-man-month-anniversary-edition-essays-on-sof,"The Mythical Man-Month, Anniversary Edition: Essays on Software Engineering",Frederick P. Brooks Jr.,ebook,borrowed,,,2026-05-07,,2,kindle-library; library-via-kindle,,
inside-the-box-david-epstein,Inside the Box,David Epstein,audiobook,finished,yes,100,2026-05-05,,1,audible,,
book-and-dagger-elyse-graham,Book and Dagger,Elyse Graham,library,borrowed,,,2026-05-03,,1,libby,,
mexodus-nygel-d-robinson-brian-quijada,Mexodus,"Nygel D. Robinson,Brian Quijada",audiobook,finished,yes,98,2026-05-03,,1,audible,,
how-deeply-human-is-language-chomsky-the-brain-and-the-a,"How Deeply Human Is Language?: Chomsky, the Brain, and the AI Fantasy",Yosef Grodzinsky,print,owned,,,2026-04-29,,1,amazon-print; shelf-photo,,
your-default-settings-adjust-your-autopilot-to-build-a-m,Your Default Settings: Adjust Your Autopilot to Build a More Stable and Impact,Rad Wendzich,audiobook+ebook,owned,,38,2026-04-24,,2,audible; kindle-library,,
the-death-and-life-of-great-american-cities-jane-jacobs,The Death and Life of Great American Cities,"Jane Jacobs,Jason Epstein - introduction",audiobook,owned,,,2026-04-20,,1,audible-shared,,
there-are-no-accidents-jessie-singer,There Are No Accidents,Jessie Singer,audiobook,owned,,,2026-04-20,,1,audible-shared,,
when-the-forest-breathes-suzanne-simard,When the Forest Breathes,Suzanne Simard,library,borrowed,,,2026-04-09,,1,libby,,
the-final-empire-mistborn-book-1-unabridged,The Final Empire: Mistborn Book 1 (Unabridged),,,wishlist,,,2026-04-05,,1,audible-wishlist,,
the-perfect-storm-a-true-story-of-men-against-the-sea-un,The Perfect Storm: A True Story of Men Against the Sea (Unabridged),,,wishlist,,,2026-04-05,,1,audible-wishlist,,
dune-book-one-in-the-dune-chronicles-unabridged,Dune: Book One in the Dune Chronicles (Unabridged),,,wishlist,,,2026-04-05,,1,audible-wishlist,,
the-quiet-american-graham-greene,The Quiet American,Graham Greene,library,borrowed,,,2026-03-22,,1,libby,,
norse-mythology,Norse Mythology,,print,owned,,,2026-03-10,,1,amazon-print,,
awakening-your-ikigai-ken-mogi,Awakening Your Ikigai,Ken Mogi,library,borrowed,,,2026-02-10,,1,libby,,
unbreakable-vonda-wright-md,Unbreakable,"Vonda Wright, MD",library,borrowed,,,2026-01-27,,1,libby,,
joyspan-dr-kerry-burnight,Joyspan,Dr. Kerry Burnight,library,borrowed,,,2026-01-23,,1,libby,,
learn-french-10-in-1-20-hours-with-study-soundscapes-dit,Learn French 10-in-1: 20+ Hours with Study Soundscapes (Ditch the Boring Stuff,Global Citizen Language Learning,audiobook,owned,,,2026-01-17,,1,audible-shared,,
vector-robyn-arianrhod,Vector,Robyn Arianrhod,ebook+library,borrowed,,,2026-01-12,2026-07-13,4,kindle-library; libby; library-via-kindle,,
death-and-other-occupational-hazards-veronika-dapunt,Death and Other Occupational Hazards,Veronika Dapunt,audiobook,owned,,,2026-01-09,,1,audible-shared,,
the-beautiful-brain-the-drawings-of-santiago-ramon-y-caj,The Beautiful Brain: The Drawings of Santiago Ramon y Cajal,"Larry W. Swanson,Eric Newman,Alfonso Araqu",ebook,borrowed,,,2025-12-26,,2,kindle-library; kindle-unlimited,,
the-inner-game-of-tennis-w-timothy-gallwey,The Inner Game of Tennis,W. Timothy Gallwey,library,borrowed,,,2025-12-20,,1,libby,,
awareness-conversations-with-the-masters-unabridged,Awareness: Conversations with the Masters (Unabridged),,,wishlist,,,2025-12-09,,1,audible-wishlist,,
what-fresh-hell-is-this-heather-corinna,What Fresh Hell Is This?,Heather Corinna,library,borrowed,yes,,2025-12-02,,1,libby,,
the-complete-human-body-dr-alice-roberts,The Complete Human Body,Dr. Alice Roberts,library+print,owned,,,2025-11-30,,1,libby; shelf-photo,,
tools-of-titans-a-comprehensive-guide-to-high-performanc,Tools Of Titans: A Comprehensive Guide To High-Performance Tools And Tactics F,"Timothy Ferriss,Arnold Schwarzenegger",ebook,borrowed,,,2025-11-30,,2,kindle-library; kindle-unlimited,,
tribe-of-mentors-transformative-wisdom-from-icons-and-in,Tribe Of Mentors: Transformative Wisdom From Icons and Innovators to Help You ,Timothy Ferriss,ebook,borrowed,,,2025-11-30,,2,kindle-library; kindle-unlimited,,
atmosphere-a-gma-book-club-pick-a-love-story-taylor-jenk,Atmosphere: A GMA Book Club Pick: A Love Story,Taylor Jenkins Reid,ebook+library,borrowed,yes,,2025-11-26,2026-02-19,4,kindle-library; libby; library-via-kindle,,
sensation-perception,Sensation & Perception,,print,owned,,,2025-11-20,,1,amazon-print,,
the-great-nerve-the-new-science-of-the-vagus-nerve-and-h,The Great Nerve: The New Science of the Vagus Nerve and How to Harness Its Hea,,,wishlist,,,2025-11-19,,1,audible-wishlist,,
quantum-healing-deepak-chopra-m-d,Quantum Healing,"Deepak Chopra, M.D.",library,borrowed,,,2025-11-01,,1,libby,,
player-piano-kurt-vonnegut,Player Piano,Kurt Vonnegut,library,borrowed,,,2025-10-29,,1,libby,,
tuning-the-human-biofield-healing-with-vibrational-sound,Tuning the Human Biofield: Healing with Vibrational Sound Therapy,,print,owned,,,2025-10-25,,1,amazon-print,,
schuman-resonance-the-mysterious-harmony-of-the-earth-ju,Schuman resonance. : The mysterious harmony of the Earth,Justyna Pelc,ebook,borrowed,,,2025-10-25,,2,kindle-library; kindle-unlimited,,
shot-ready-unabridged,Shot Ready (Unabridged),,,wishlist,,,2025-10-16,,1,audible-wishlist,,
vibe-coding-building-production-grade-software-with-gena,"Vibe Coding: Building Production-Grade Software with GenAI, Chat, Agents, and ",,,wishlist,,,2025-10-10,,1,audible-wishlist,,
the-unusual-suspects-with-kenya-barris-and-malcolm-gladw,The Unusual Suspects with Kenya Barris and Malcolm Gladwell,"Kenya Barris,Malcolm Gladwell",audiobook,owned,,,2025-10-04,,1,audible,,
the-alchemist-a-modern-classic-fable-of-spiritual-healin,"The Alchemist: A Modern Classic Fable of Spiritual Healing, Self-Discovery, an",Paulo Coelho,ebook,borrowed,,,2025-09-28,,2,kindle-library; kindle-unlimited,,
gestalt-principles-for-creatives-mastering-visual-harmon,Gestalt Principles for Creatives : Mastering Visual Harmony Through Perception,Steve Velli,ebook,borrowed,,,2025-09-14,,2,kindle-library; kindle-unlimited,,
a-different-kind-of-power-jacinda-ardern,A Different Kind of Power,Jacinda Ardern,audiobook,owned,,,2025-09-13,,1,audible-shared,,
when-everyone-knows-that-everyone-knows-common-knowledge,When Everyone Knows That Everyone Knows . . .: Common Knowledge and the Myster,,,wishlist,,,2025-09-05,,1,audible-wishlist,,
how-to-solve-it-george-polya,How to Solve It,George Polya,ebook+library,borrowed,,,2025-08-18,2025-08-19,3,kindle-library; libby; library-via-kindle,,
polyvagal-theory-and-exercises-2-in-1-a-complete-guide-t,Polyvagal Theory and Exercises 2 in 1: A Complete Guide to Nervous System Heal,,ebook,owned,,,2025-08-16,,2,kindle; kindle-library,,
ways-of-being-james-bridle,Ways of Being,James Bridle,library,borrowed,,,2025-08-15,,1,libby,,
the-last-wilderness-unabridged,The Last Wilderness (Unabridged),,,wishlist,,,2025-08-14,,1,audible-wishlist,,
landscape-dreams-a-new-mexico-portrait,"Landscape Dreams, A New Mexico Portrait",,print,owned,,,2025-08-08,,1,amazon-print,,
tao-te-ching,Tao Te Ching,,ebook,owned,,,2025-07-24,,2,kindle; kindle-library,,
so-good-they-can-t-ignore-you-cal-newport,So Good They Can't Ignore You,Cal Newport,ebook+library,borrowed,,,2025-07-21,2026-06-05,3,kindle-library; kindle-unlimited; libby,,
the-curve-of-time-new-expanded-edition,"The Curve of Time: New, Expanded Edition",,ebook,owned,,,2025-07-21,,2,kindle; kindle-library,,
the-grieving-brain-the-surprising-science-of-how-we-lear,The Grieving Brain: The Surprising Science of How We Learn from Love and Loss ,Mary-Frances O'Connor,ebook,borrowed,,,2025-07-21,,2,kindle-library; kindle-unlimited,,
the-art-of-thinking-in-graphs-illustrating-the-52-princi,The Art of Thinking in Graphs: Illustrating the 52 Principles That Shape Our P,Dolev Erez,ebook,borrowed,,,2025-07-21,,2,kindle-library; kindle-unlimited,,
the-age-of-agentic-ai-a-practical-exciting-exploration-o,The Age of Agentic AI: A Practical & Exciting Exploration of AI Agents,One Book Ahead Publishing,ebook,borrowed,,,2025-07-21,,2,kindle-library; kindle-unlimited,,
fisherman-s-bend-linda-greenlaw,Fisherman's Bend,Linda Greenlaw,audiobook,owned,,,2025-07-17,,1,audible-shared,,
your-brain-on-art-how-the-arts-transform-us,Your Brain on Art: How the Arts Transform Us,,ebook,owned,,,2025-07-10,,2,kindle; kindle-library,,
introduction-to-cognitive-science-thad-a-polk-the-great,Introduction to Cognitive Science,"Thad A. Polk,The Great Courses",audiobook,finished,yes,100,2025-06-10,2025-10-04,2,audible; audible-wishlist,,
the-let-them-theory-mel-robbins,The Let Them Theory,Mel Robbins,audiobook,finished,yes,100,2025-06-10,2025-07-03,2,audible; audible-wishlist,,
tiny-experiments-how-to-live-freely-in-a-goal-obsessed-w,Tiny Experiments: How to Live Freely in a Goal-Obsessed World (Unabridged),,,wishlist,,,2025-06-10,,1,audible-wishlist,,
effortless-make-it-easier-to-do-what-matters-most-unabri,Effortless: Make It Easier to Do What Matters Most (Unabridged),Greg McKeown,audiobook,finished,yes,99,2025-06-02,2025-06-03,2,audible; audible-wishlist,,
sing-like-fish-amorina-kingdon,Sing Like Fish,Amorina Kingdon,library,borrowed,,,2025-05-30,,1,libby,,
decision-making-under-deep-uncertainty-from-theory-to-pr,Decision Making under Deep Uncertainty: From Theory to Practice,,ebook,owned,,,2025-05-23,,2,kindle; kindle-library,,
click-how-to-make-what-people-want-jake-knapp-john-zerat,Click: How to Make What People Want,"Jake Knapp, John Zeratsky",library+print,owned,,,2025-05-22,2025-06-01,2,amazon-print; libby,,
the-4-hour-body-timothy-ferriss,The 4-Hour Body,Timothy Ferriss,library,borrowed,,,2025-05-01,,1,libby,,
desolation-sound-the-discovery-islands-revised-fifth-edi,"Desolation Sound & the Discovery Islands: Revised Fifth Edition, updated to 20",,print,owned,,,2025-05-01,,1,amazon-print,,
a-pattern-language-christopher-alexander,A Pattern Language,Christopher Alexander,library,borrowed,,,2025-04-24,,1,libby,,
hbr-s-10-must-reads-on-leadership-harvard-business-revie,HBR's 10 Must Reads on Leadership,"Harvard Business Review, Peter F. Drucker,",library,borrowed,,,2025-04-21,,1,libby,,
eat-race-win-hannah-grant-stacy-sims,Eat Race Win,"Hannah Grant, Stacy Sims",library,borrowed,,,2025-04-21,,1,libby,,
the-five-most-important-questions-peter-f-drucker,The Five Most Important Questions,Peter F. Drucker,library,borrowed,,,2025-04-09,,1,libby,,
hbr-s-10-must-reads-on-innovation-harvard-business-revie,HBR's 10 Must Reads on Innovation,"Harvard Business Review, Peter F. Drucker,",library,borrowed,,,2025-04-08,,1,libby,,
hbr-s-10-must-reads-on-managing-yourself-harvard-busines,HBR's 10 Must Reads on Managing Yourself,"Harvard Business Review, Peter F. Drucker,",library,borrowed,,,2025-04-08,,1,libby,,
the-effective-executive-peter-f-drucker,The Effective Executive,Peter F. Drucker,library,borrowed,,,2025-04-08,,1,libby,,
the-art-of-the-print-masterpieces-history-techniques,"The Art of the Print: Masterpieces, History, Techniques",,print,owned,,,2025-03-30,,1,amazon-print,,
no-self-no-problem-how-neuropsychology-is-catching-up-to,"No Self, No Problem: How Neuropsychology is Catching Up to Buddhism (Unabridge",,,wishlist,,,2025-03-06,,1,audible-wishlist,,
how-to-winter-kari-leibowitz-phd,How to Winter,"Kari Leibowitz, PhD",library,borrowed,,,2025-02-27,,1,libby,,
the-unusual-suspects-with-kenya-barris-and-malcolm-gladw-2,The Unusual Suspects with Kenya Barris and Malcolm Gladwell Season 1,,,wishlist,,,2025-02-22,,1,audible-wishlist,,
exploring-requirements-1-quality-before-design,Exploring Requirements 1: Quality Before Design,,ebook,owned,,,2025-02-10,,2,kindle; kindle-library,,
the-molecule-of-more-daniel-z-lieberman-michael-e-long,The Molecule of More,"Daniel Z. Lieberman, Michael E. Long",library,borrowed,,,2025-01-30,,1,libby,,
supercommunicators-charles-duhigg,Supercommunicators,Charles Duhigg,library,borrowed,,,2025-01-30,,1,libby,,
invisible-women-caroline-criado-perez,Invisible Women,Caroline Criado-Perez,audiobook+library,owned,,,2025-01-29,2026-01-19,3,audible-shared; libby,,
algorithms-to-live-by-the-computer-science-of-human-deci,Algorithms to Live By: The Computer Science of Human Decisions,"Brian Christian,Tom Griffiths",audiobook+ebook,owned,,,2025-01-26,,3,audible; kindle-library; kindle-unlimited,,
rationality-steven-pinker,Rationality,Steven Pinker,library,borrowed,,,2025-01-15,2025-02-12,2,libby,,
inner-excellence-jim-murphy,Inner Excellence,Jim Murphy,library,wishlist,,,2025-01-14,2025-01-30,2,audible-wishlist; libby,,
revenge-of-the-tipping-point-malcolm-gladwell,Revenge of the Tipping Point,Malcolm Gladwell,library,borrowed,,,2025-01-07,2025-02-16,2,libby,,
the-checklist-manifesto-atul-gawande,The Checklist Manifesto,Atul Gawande,library,borrowed,,,2025-01-07,,1,libby,,
generative-ai-harvard-business-review-ethan-mollick-da,Generative AI,"Harvard Business Review, Ethan Mollick, Da",library,borrowed,,,2025-01-04,,1,libby,,
the-thin-book-of-trust-charles-feltman,The Thin Book of Trust,Charles Feltman,library,borrowed,,,2024-12-26,,1,libby,,
hbr-s-10-must-reads-on-public-speaking-and-presenting-ha,HBR's 10 Must Reads on Public Speaking and Presenting,"Harvard Business Review, Chris Anderson, A",library,borrowed,,,2024-12-22,,1,libby,,
resonate-present-visual-stories-that-transform-audiences,Resonate: Present Visual Stories that Transform Audiences,,print,owned,,,2024-12-16,,1,amazon-print,,
build-an-unorthodox-guide-to-making-things-worth-making,Build: An Unorthodox Guide to Making Things Worth Making – An NYT Bestselling ,Tony Fadell,ebook,borrowed,,,2024-12-16,,2,kindle-library; kindle-unlimited,,
turn-the-ship-around-l-david-marquet-captain-usn-retired,Turn the Ship Around!,"L. David Marquet, Captain, USN, retired",library,borrowed,,,2024-12-10,,1,libby,,
harvard-business-review-emotional-intelligence-collectio,Harvard Business Review Emotional Intelligence Collection,Harvard Business Review,library,borrowed,,,2024-11-24,,1,libby,,
mindset-carol-dweck,Mindset,Carol Dweck,library,borrowed,,,2024-11-18,,1,libby,,
the-messy-middle-scott-belsky,The Messy Middle,Scott Belsky,library,borrowed,,,2024-10-28,,1,libby,,
the-one-thing-gary-keller-jay-papasan,The ONE Thing,"Gary Keller, Jay Papasan",audiobook+library,finished,yes,100,2024-10-22,2024-10-30,2,audible; libby,,
the-saas-playbook-build-a-multimillion-dollar-startup-wi,The SaaS Playbook: Build a Multimillion-Dollar Startup Without Venture Capital,,,wishlist,,,2024-10-14,,1,audible-wishlist,,
exploring-requirements-quality-before-design,Exploring Requirements: Quality Before Design,,print,owned,,,2024-09-15,,1,amazon-print,,
san-sebastian,San Sebastian,,ebook,uncertain,,,2024-08-19,,1,kindle,,
learning-domain-driven-design-vlad-khononov,Learning Domain-Driven Design,Vlad Khononov,ebook+library+print,owned,,,2024-08-17,2025-07-10,7,amazon-print; kindle-library; libby; library-via-kindle,,
to-engineer-is-human-henry-petroski,To Engineer Is Human,Henry Petroski,audiobook,owned,,,2024-08-17,,1,audible,,
48-laws-of-power-robert-greene,48 Laws of Power,Robert Greene,audiobook,owned,,,2024-08-17,,1,audible,,
first-break-all-the-rules-marcus-buckingham-curt-coffman,"First, Break All the Rules","Marcus Buckingham, Curt Coffman",library,borrowed,,,2024-08-05,,1,libby,,
atomic-habits-james-clear,Atomic Habits,James Clear,library,borrowed,,,2024-08-05,,1,libby,,
transformed-marty-cagan,Transformed,Marty Cagan,audiobook,owned,,14,2024-06-21,,1,audible,,
innovating-for-people-handbook-of-human-centered-design,Innovating for People Handbook of Human-Centered Design Methods,,print,owned,,,2024-05-22,,1,amazon-print,,
grids-guides-gray-a-notebook-for-visual-thinkers-blank-d,Grids & Guides (Gray): A Notebook for Visual Thinkers (Blank Deluxe Clothbound,,print,owned,,,2024-03-10,,2,amazon-print,,
visual-intelligence-sharpen-your-perception-change-your,"Visual Intelligence: Sharpen Your Perception, Change Your Life",Amy E. Herman,print,owned,,,2024-01-14,,1,amazon-print; shelf-photo,,
on-food-and-cooking-the-science-and-lore-of-the-kitchen,On Food and Cooking: The Science and Lore of the Kitchen,,print,owned,,,2024-01-14,,1,amazon-print,,
outlive-peter-attia-md-bill-gifford,Outlive,"Peter Attia, MD, Bill Gifford",library,borrowed,yes,,2023-12-26,,1,libby,,
homewaters-a-human-and-natural-history-of-puget-sound,Homewaters: A Human and Natural History of Puget Sound,,print,owned,,,2023-12-25,,1,amazon-print,,
the-weather-of-the-pacific-northwest,The Weather of the Pacific Northwest,,print,owned,,,2023-12-25,,1,amazon-print,,
ikigai-journey-a-practical-guide-to-finding-happiness-an,Ikigai Journey: A Practical Guide to Finding Happiness and Purpose the Japanes,Héctor  García,ebook,borrowed,,,2023-12-10,,2,kindle-library; library-via-kindle,,
how-to-ikigai-tim-tamashiro,How to Ikigai,Tim Tamashiro,library,borrowed,,,2023-12-07,2026-02-17,2,libby,,
the-manager-s-path-camille-fournier,The Manager's Path,Camille Fournier,audiobook+ebook,finished,yes,100,2023-12-07,,2,audible; kindle,,
the-leadership-lessons-of-gregg-popovich-a-case-study-on,The Leadership Lessons of Gregg Popovich: A Case Study on the San Antonio Spur,,print,owned,,,2023-12-03,,1,amazon-print,,
kill-the-unicorn-emma-hayes-michael-calvin-contributor,Kill the Unicorn,"Emma Hayes,Michael Calvin - contributor",audiobook,finished,yes,100,2023-12-02,,1,audible,,
saving-time-jenny-odell,Saving Time,Jenny Odell,library,borrowed,,,2023-11-27,,1,libby,,
the-practice-of-adaptive-leadership-ronald-a-heifetz-mar,The Practice of Adaptive Leadership,"Ronald A. Heifetz, Marty Linsky, Alexander",audiobook+library,owned,,10,2023-11-09,2025-10-29,4,audible; libby,,
the-book-of-joy-dalai-lama-desmond-tutu-douglas-carlton,The Book of Joy,"Dalai Lama, Desmond Tutu, Douglas Carlton ",library,borrowed,,,2023-11-08,,1,libby,,
money-power-respect-how-women-in-sports-are-shaping-the,"Money, Power, Respect: How Women in Sports Are Shaping the Future of Feminism",,print,owned,,,2023-11-07,,1,amazon-print,,
ikigai-the-japanese-secret-to-a-long-and-happy-life-h-ct,Ikigai: The Japanese Secret to a Long and Happy Life,"Héctor García,Francesc Miralles",audiobook+ebook,finished,yes,100,2023-11-05,,2,audible; kindle,,
the-great-money-reset-jill-schlesinger,The Great Money Reset,Jill Schlesinger,ebook+library,borrowed,,,2023-10-16,2023-10-20,4,kindle-library; libby; library-via-kindle,,
leading-with-the-heart-mike-krzyzewski-donald-t-phillips,Leading with the Heart,"Mike Krzyzewski, Donald T. Phillips",library,borrowed,,,2023-10-01,2024-11-02,2,libby,,
movement-of-power-ancient-secrets-of-unleashing-instinct,Movement of Power: Ancient Secrets of Unleashing Instinctual Vitality,Bob Klein,ebook+print,owned,,,2023-09-30,,2,kindle; kindle-library; shelf-photo,,
movements-of-magic-the-spirit-of-tai-chi-chuan,Movements of Magic - the Spirit of Tai-chi-Chuan,,ebook,owned,,,2023-09-30,,2,kindle; kindle-library,,
be-water-my-friend-shannon-lee,"Be Water, My Friend",Shannon Lee,library,borrowed,,,2023-09-17,,1,libby,,
the-gold-standard-mike-krzyzewski-jamie-k-spatola,The Gold Standard,"Mike Krzyzewski, Jamie K. Spatola",library,borrowed,,,2023-07-18,,1,libby,,
synaptic-self-joseph-ledoux,Synaptic Self,Joseph LeDoux,library,borrowed,,,2023-07-15,,1,libby,,
the-5-choices-the-path-to-extraordinary-productivity-kor,The 5 Choices: The Path to Extraordinary Productivity,"Kory Kogon, Adam Merrill, Leena Rinne",ebook+library,owned,,,2023-06-23,,3,kindle; kindle-library; libby,,
lessons-in-chemistry-a-novel,Lessons in Chemistry: A Novel,,print,owned,yes,,2023-02-26,,1,amazon-print,,
tomorrow-and-tomorrow-and-tomorrow-a-novel,"Tomorrow, and Tomorrow, and Tomorrow: A novel",,print,owned,yes,,2023-02-26,,1,amazon-print,,
the-light-we-carry-michelle-obama,The Light We Carry,Michelle Obama,library,borrowed,,,2023-02-20,,1,libby,,
digital-supply-networks-transform-your-supply-chain-and,Digital Supply Networks: Transform Your Supply Chain and Gain Competitive Adva,,ebook,owned,,,2023-01-18,,2,kindle; kindle-library,,
spare-prince-harry-the-duke-of-sussex,Spare,Prince Harry The Duke of Sussex,audiobook,owned,,7,2023-01-10,,1,audible,,
daisy-jones-the-six-a-novel,Daisy Jones & The Six: A Novel,,print,owned,,,2023-01-07,,1,amazon-print,,
everyone-s-table-global-recipes-for-modern-health,Everyone's Table: Global Recipes for Modern Health,,print,owned,,,2023-01-07,,1,amazon-print,,
the-creative-act-a-way-of-being-unabridged-rick-rubin,The Creative Act: A Way of Being (Unabridged),Rick Rubin,audiobook,finished,yes,81,2022-12-08,2023-01-17,2,audible; audible-wishlist,,
the-chip-how-two-americans-invented-the-microchip-and-la,The Chip: How Two Americans Invented the Microchip and Launched a Revolution (,,,wishlist,,,2022-11-29,,1,audible-wishlist,,
my-family-and-other-animals-gerald-durrell,My Family and Other Animals,Gerald Durrell,library,borrowed,,,2022-11-27,,1,libby,,
dinners-with-ruth-nina-totenberg,Dinners with Ruth,Nina Totenberg,audiobook,owned,,,2022-11-27,,1,audible,,
the-west-wing-and-beyond-what-i-saw-inside-the-presidenc,The West Wing and Beyond: What I Saw Inside the Presidency,,print,owned,,,2022-11-25,,1,amazon-print,,
data-smart-using-data-science-to-transform-information-i,Data Smart: Using Data Science to Transform Information into Insight,,print,owned,,,2022-11-25,,1,amazon-print,,
electronics-explained-louis-e-frenzel,Electronics Explained,Louis E. Frenzel,ebook+library,borrowed,,,2022-11-02,,3,kindle-library; libby; library-via-kindle,,
conquering-the-electron-derek-cheung-eric-brach,Conquering the Electron,"Derek Cheung,Eric Brach",audiobook,finished,yes,99,2022-11-01,2022-11-02,2,audible; audible-wishlist,,
the-grid-the-fraying-wires-between-americans-and-our-ene,The Grid: The Fraying Wires Between Americans and Our Energy Future (Unabridge,,,wishlist,,,2022-11-01,,1,audible-wishlist,,
electric-body-electric-health-eileen-day-mckusick,"Electric Body, Electric Health",Eileen Day McKusick,audiobook,finished,yes,99,2022-10-31,2025-10-04,2,audible; audible-wishlist,,
the-great-mental-models-general-thinking-concepts-unabri,The Great Mental Models: General Thinking Concepts (Unabridged),,,wishlist,,,2022-10-31,,1,audible-wishlist,,
the-evidence-for-modern-physics-how-we-know-what-we-know,The Evidence for Modern Physics: How We Know What We Know,,,wishlist,,,2022-10-31,,1,audible-wishlist,,
the-trusted-advisor-david-h-maister-robert-m-galford-cha,The Trusted Advisor,"David H. Maister,Robert M. Galford,Charles",audiobook+ebook,owned,,,2022-09-06,,2,audible; kindle,,
how-to-tell-a-story-the-moth-meg-bowles-catherine-burns,How to Tell a Story,"The Moth,Meg Bowles,Catherine Burns,Jenife",audiobook,owned,,12,2022-08-27,,1,audible,,
the-song-of-achilles-madeline-miller,The Song of Achilles,Madeline Miller,audiobook+ebook,owned,,1,2022-08-24,,2,audible; kindle,,
laws-of-ux-using-psychology-to-design-better-products-se,Laws of UX: Using Psychology to Design Better Products & Services,,print,owned,,,2022-07-18,2022-10-15,2,amazon-print,,
rick-steves-pocket-athens,Rick Steves Pocket Athens,,print,owned,,,2022-07-18,,1,amazon-print,,
walking-on-the-greek-islands-the-cyclades-naxos-and-the,"Walking on the Greek Islands: The Cyclades: Naxos and the 50km Naxos Strada, P",,print,owned,,,2022-07-18,,1,amazon-print,,
moon-greek-islands-athens-island-escapes-with-timeless-v,"Moon Greek Islands & Athens: Island Escapes with Timeless Villages, Scenic Hik",,print,owned,,,2022-07-18,,1,amazon-print,,
the-old-man-and-the-sea-ernest-hemingway,The Old Man and the Sea,Ernest Hemingway,library,borrowed,,,2022-05-17,,1,libby,,
future-tense-tracy-dennis-tiwary,Future Tense,Tracy Dennis-Tiwary,audiobook,owned,,39,2022-05-03,,1,audible,,
powerboat-handling-illustrated-how-to-make-your-boat-do,Powerboat Handling Illustrated: How to Make Your Boat Do Exactly What You Want,,print,owned,,,2022-04-14,,1,amazon-print,,
how-to-read-water-tristan-gooley,How to Read Water,Tristan Gooley,audiobook+ebook,finished,yes,88,2022-04-11,,2,audible; kindle,,
the-pragmatic-programmer-20th-anniversary-edition-2nd-ed,"The Pragmatic Programmer: 20th Anniversary Edition, 2nd Edition: Your Journey ",,,wishlist,,,2022-04-08,,1,audible-wishlist,,
computer-science-beginners-crash-course-coding-data-pyth,"Computer Science Beginners Crash Course: Coding Data, Python, Algorithms & Hac",,,wishlist,,,2022-04-08,,1,audible-wishlist,,
ask-for-more-10-questions-to-negotiate-anything-unabridg,Ask For More: 10 Questions to Negotiate Anything (Unabridged),Alexandra Carter,audiobook,finished,yes,98,2022-03-04,2022-05-10,2,audible; audible-wishlist,,
zen-and-the-art-of-motorcycle-maintenance-robert-m-pirsi,Zen and the Art of Motorcycle Maintenance,Robert M. Pirsig,library,borrowed,,,2022-02-27,,1,libby,,
how-not-to-die-michael-greger-m-d-faclm-gene-stone,How Not to Die,"Michael Greger, M.D., FACLM, Gene Stone",library,borrowed,,,2022-02-24,2022-06-23,3,libby,,
critical-path-unabridged,Critical Path (Unabridged),,,wishlist,,,2022-02-15,,1,audible-wishlist,,
steve-jobs-unabridged,Steve Jobs (Unabridged),,,wishlist,,,2022-02-15,,1,audible-wishlist,,
chapman-piloting-seamanship-69th-edition,"Chapman Piloting & Seamanship, 69th Edition",,print,owned,,,2022-02-14,,1,amazon-print; shelf-photo,,
the-elements-of-rhetoric-how-to-write-and-speak-clearly,The Elements of Rhetoric -- How to Write and Speak Clearly and Persuasively: A,,print,owned,,,2022-02-14,,1,amazon-print,,
economics-in-one-lesson-unabridged,Economics in One Lesson (Unabridged),,,wishlist,,,2022-01-19,,1,audible-wishlist,,
illuminate-ignite-change-through-speeches-stories-ceremo,"Illuminate: Ignite Change Through Speeches, Stories, Ceremonies, and Symbols (",,,wishlist,,,2022-01-17,,1,audible-wishlist,,
to-balance-on-bridges-rhiannon-giddens,To Balance on Bridges,Rhiannon Giddens,audiobook,owned,,59,2021-12-27,,1,audible,,
deep-soul-lowdown-gary-clark-jr,Deep Soul Lowdown,Gary Clark Jr.,audiobook,owned,,,2021-12-27,,1,audible,,
project-hail-mary-unabridged-andy-weir,Project Hail Mary (Unabridged),Andy Weir,audiobook,finished,yes,100,2021-12-26,2022-02-06,2,audible; audible-wishlist,,
black-white-and-the-grey-the-story-of-an-unexpected-frie,"Black, White, and The Grey: The Story of an Unexpected Friendship and a Belove",,,wishlist,,,2021-12-26,,1,audible-wishlist,,
the-love-songs-of-w-e-b-du-bois-an-oprah-s-book-club-nov,The Love Songs of W.E.B. Du Bois: An Oprah’s Book Club Novel (Unabridged),,,wishlist,,,2021-12-26,,1,audible-wishlist,,
the-code-breaker-jennifer-doudna-gene-editing-and-the-fu,"The Code Breaker: Jennifer Doudna, Gene Editing, and the Future of the Human R",,,wishlist,,,2021-12-26,,1,audible-wishlist,,
bourdain-laurie-woolever,Bourdain,Laurie Woolever,audiobook,owned,,7,2021-12-12,,1,audible,,
love-warrior-a-memoir-unabridged-glennon-doyle-glennon-d,Love Warrior: A Memoir (Unabridged),"Glennon Doyle,Glennon Doyle Melton",audiobook,finished,yes,100,2021-11-29,,2,audible; audible-wishlist,,
untamed-unabridged,Untamed (Unabridged),,,wishlist,,,2021-11-29,,1,audible-wishlist,,
amazon-s-free-hq-tour-the-amazon-hq-tours-team,Amazon’s Free HQ Tour,The Amazon HQ Tours Team,audiobook,owned,,,2021-11-13,,1,audible,,
think-again-the-power-of-knowing-what-you-don-t-know-una,Think Again: The Power of Knowing What You Don't Know (Unabridged),Adam Grant,library,wishlist,,,2021-11-07,2024-01-17,2,audible-wishlist; libby,,
on-grand-strategy-unabridged-john-lewis-gaddis,On Grand Strategy (Unabridged),John Lewis Gaddis,library,wishlist,,,2021-11-07,2023-07-21,2,audible-wishlist; libby,,
the-body-keeps-the-score-bessel-van-der-kolk,The Body Keeps the Score,Bessel Van Der Kolk,audiobook+library,wishlist,,2,2021-11-07,2025-10-04,4,audible; audible-wishlist; libby,,
the-four-scott-galloway,The Four,Scott Galloway,audiobook,wishlist,,5,2021-11-07,2021-11-29,2,audible; audible-wishlist,,
the-art-of-gathering-how-we-meet-and-why-it-matters-unab,The Art of Gathering: How We Meet and Why It Matters (Unabridged),,,wishlist,,,2021-11-07,,1,audible-wishlist,,
linchpin-are-you-indispensable-unabridged,Linchpin: Are You Indispensable? (Unabridged),,,wishlist,,,2021-11-07,,1,audible-wishlist,,
white-fragility-why-it-s-so-hard-for-white-people-to-tal,White Fragility: Why It's So Hard for White People to Talk About Racism (Unabr,,,wishlist,,,2021-11-04,,1,audible-wishlist,,
why-are-all-the-black-kids-sitting-together-in-the-cafet,Why Are All the Black Kids Sitting Together in the Cafeteria?: And Other Conve,,,wishlist,,,2021-11-04,,1,audible-wishlist,,
the-cold-start-problem-how-to-start-and-scale-network-ef,The Cold Start Problem: How to Start and Scale Network Effects,Andrew Chen,audiobook+library+print,owned,,19,2021-09-28,2022-12-10,3,amazon-print; audible; libby,,
team-of-teams-general-stanley-mcchrystal-tantum-collins,Team of Teams,"General Stanley McChrystal, Tantum Collins",library,borrowed,yes,,2021-08-20,,1,libby,,
the-5-second-rule-mel-robbins,The 5 Second Rule,Mel Robbins,audiobook,owned,,41,2021-08-02,,1,audible,,
me-elton-john,Me,Elton John,library,borrowed,,,2021-06-24,,1,libby,,
the-ultimate-kauai-guidebook-kauai-revealed-ultimate-gui,The Ultimate Kauai Guidebook: Kauai Revealed (Ultimate Guidebook),,ebook,owned,,,2021-05-31,,2,kindle; kindle-library,,
caste-isabel-wilkerson,Caste,Isabel Wilkerson,library,borrowed,,,2021-05-28,,1,libby,,
ferryboats-a-legend-on-puget-sound,Ferryboats: A legend on Puget Sound,,print,owned,,,2021-05-15,,1,amazon-print,,
extreme-ownership-jocko-willink-leif-babin,Extreme Ownership,"Jocko Willink, Leif Babin",library,borrowed,,,2021-05-08,2021-06-15,2,libby,,
memorial-drive-natasha-trethewey,Memorial Drive,Natasha Trethewey,library,borrowed,,,2021-04-11,,1,libby,,
the-everything-store-jeff-bezos-and-the-age-of-amazon-br,The Everything Store: Jeff Bezos and the Age of Amazon,Brad Stone,print,owned,,,2021-03-31,,1,amazon-print; shelf-photo,,
cracking-the-amazon-interview-a-step-by-step-guide-to-la,Cracking the Amazon Interview: A Step by Step Guide to Land the Job,,print,owned,,,2021-03-31,,1,amazon-print,,
outcomes-over-output-why-customer-behavior-is-the-key-me,Outcomes Over Output: Why customer behavior is the key metric for business suc,,print,owned,,,2021-03-31,,1,amazon-print,,
story-10x-turn-the-impossible-into-the-inevitable-michae,Story 10x: Turn the Impossible Into the Inevitable,Michael Margolis,audiobook+print,owned,,46,2021-01-30,2021-09-27,2,amazon-print; audible,,
astrophysics-for-people-in-a-hurry-neil-degrasse-tyson,Astrophysics for People in a Hurry,Neil deGrasse Tyson,audiobook,owned,,4,2021-01-22,,1,audible,,
the-socrates-express-eric-weiner,The Socrates Express,Eric Weiner,audiobook,owned,,1,2021-01-22,,1,audible,,
principles-ray-dalio,Principles,Ray Dalio,audiobook,finished,yes,100,2021-01-22,,1,audible,,
range-why-generalists-triumph-in-a-specialized-world,Range: Why Generalists Triumph in a Specialized World,,ebook,owned,,,2020-12-13,,2,kindle; kindle-library,,
the-99-invisible-city-a-field-guide-to-the-hidden-world,The 99% Invisible City: A Field Guide to the Hidden World of Everyday Design,,print,owned,,,2020-11-25,,1,amazon-print,,
the-new-york-times-sunday-crossword-omnibus-volume-12-20,The New York Times Sunday Crossword Omnibus Volume 12: 200 World-Famous Sunday,,print,owned,,,2020-11-25,,1,amazon-print,,
a-promised-land-barack-obama,A Promised Land,Barack Obama,audiobook,finished,yes,100,2020-11-19,,1,audible,,
the-first-90-days-updated-and-expanded-proven-strategies,"The First 90 Days, Updated and Expanded: Proven Strategies for Getting Up to S",,ebook,owned,,,2020-10-12,,2,kindle; kindle-library,,
medical-medium-thyroid-healing-anthony-william,Medical Medium Thyroid Healing,Anthony William,audiobook,finished,yes,100,2020-10-08,,1,audible,,
zone-to-win-geoffrey-a-moore,Zone to Win,Geoffrey A. Moore,audiobook+ebook,finished,yes,55,2020-09-28,,2,audible; kindle,,
getting-real-the-smarter-faster-easier-way-to-build-a-su,"Getting Real: The Smarter, Faster, Easier Way to Build a Successful Web Applic",,print,owned,,,2020-09-07,,1,amazon-print,,
hoh-rainforest-gordon-hempton-audible-sleep,Hoh Rainforest,"Gordon Hempton,Audible Sleep",audiobook+ebook,uncertain,,84,2020-08-20,,2,audible; kindle,,
how-to-be-an-antiracist-ibram-x-kendi,How to Be an Antiracist,Ibram X. Kendi,audiobook,finished,yes,100,2020-07-25,,1,audible,,
too-much-and-never-enough-mary-l-trump-ph-d-ph-d,Too Much and Never Enough,Mary L. Trump Ph.D. Ph.D.,audiobook,owned,,77,2020-07-15,,1,audible,,
storytelling-with-data-let-s-practice,Storytelling with Data: Let's Practice!,,print,owned,,,2020-07-10,,2,amazon-print,,
the-fifth-discipline-peter-m-senge,The Fifth Discipline,Peter M. Senge,audiobook,finished,yes,100,2020-06-12,,1,audible,,
touching-the-void-joe-simpson,Touching the Void,Joe Simpson,audiobook,finished,yes,17,2020-05-24,,1,audible,,
100-classic-hikes-washington-3rd-edition-olympic-peninsu,"100 Classic Hikes: Washington, 3rd Edition: Olympic Peninsula / South Cascades",,print,owned,,,2020-05-19,,1,amazon-print,,
day-hiking-snoqualmie-region-cascade-foothills-i90-corri,Day Hiking Snoqualmie Region: Cascade Foothills * I90 Corridor * Alpine Lakes,,print,owned,,,2020-05-19,,1,amazon-print,,
eleven-rings-phil-jackson-hugh-delehanty,Eleven Rings,"Phil Jackson,Hugh Delehanty",audiobook,finished,yes,100,2020-05-10,,1,audible,,
saltwater-table-recipes-from-the-coastal-south,Saltwater Table: Recipes from the Coastal South,,print,owned,,,2020-05-02,,1,amazon-print,,
the-essential-enneagram-the-definitive-personality-test,The Essential Enneagram: The Definitive Personality Test and Self-Discovery Gu,"David Daniels,Virginia Price",ebook,borrowed,,,2020-03-30,,2,kindle-library; kindle-unlimited,,
the-four-agreements-don-miguel-ruiz,The Four Agreements,don Miguel Ruiz,audiobook,finished,yes,100,2020-03-25,,1,audible,,
outliers-malcolm-gladwell,Outliers,Malcolm Gladwell,audiobook,finished,yes,100,2020-03-22,,1,audible,,
break-shot-my-first-21-years-words-music-vol-2-james-tay,"Break Shot: My First 21 Years: Words + Music, Vol. 2",James Taylor,audiobook+ebook,uncertain,,,2020-03-08,,2,audible; kindle,,
life-keith-richards-james-fox,Life,"Keith Richards,James Fox",audiobook+ebook,uncertain,,6,2020-03-02,,2,audible; kindle,,
inspired-how-to-create-tech-products-customers-love-sili,Inspired: How to Create Tech Products Customers Love (Silicon Valley Product G,Marty Cagan,audiobook+ebook+print,owned,,29,2020-02-21,2021-05-15,3,amazon-print; audible; kindle,,
ultralearning-scott-h-young,Ultralearning,Scott H. Young,audiobook+ebook,owned,,52,2020-01-14,,2,audible; kindle,,
america-vol-1-the-life-and-times-of-america-chavez,America Vol. 1: The Life and Times of America Chavez,,,,,,,,,,,2026-09-12
the-education-of-an-idealist-samantha-power,The Education of an Idealist,Samantha Power,audiobook+ebook,owned,,15,2019-12-19,,2,audible; kindle,,
moonwalking-with-einstein-joshua-foer,Moonwalking with Einstein,Joshua Foer,audiobook+ebook,finished,yes,100,2019-12-19,,2,audible; kindle,,
catch-and-kill-ronan-farrow,Catch and Kill,Ronan Farrow,audiobook+ebook,finished,yes,100,2019-12-19,,2,audible; kindle,,
the-anatomy-coloring-book,The Anatomy Coloring Book,,print,owned,,,2019-11-30,,1,amazon-print,,
blowout-rachel-maddow,Blowout,Rachel Maddow,audiobook+ebook,finished,yes,100,2019-11-27,,2,audible; kindle,,
thinking-in-systems-donella-h-meadows,Thinking in Systems,Donella H. Meadows,audiobook+ebook,finished,yes,100,2019-10-25,,2,audible; kindle,,
the-water-dancer-oprah-s-book-club-ta-nehisi-coates,The Water Dancer (Oprah’s Book Club),Ta-Nehisi Coates,audiobook+ebook,owned,,9,2019-09-28,,2,audible; kindle,,
the-sports-gene-david-epstein,The Sports Gene,David Epstein,audiobook+ebook,finished,yes,100,2019-08-25,,2,audible; kindle,,
the-impossible-climb-mark-synnott,The Impossible Climb,Mark Synnott,audiobook+ebook,finished,yes,100,2019-07-29,,2,audible; kindle,,
alone-on-the-wall-alex-honnold-david-roberts,Alone on the Wall,"Alex Honnold,David Roberts",audiobook+ebook,finished,yes,95,2019-07-01,,2,audible; kindle,,
do-you-talk-funny-david-nihill,Do You Talk Funny?,David Nihill,audiobook+ebook,owned,,61,2019-06-12,,2,audible; kindle,,
tomorrow-i-ll-be-brave,Tomorrow I'll Be Brave,,print,owned,,,2019-05-25,,1,amazon-print,,
the-mueller-report-robert-s-mueller-iii-special-counsel,The Mueller Report,"Robert S. Mueller III,Special Counsel's Of",audiobook+ebook,owned,,35,2019-05-17,,2,audible; kindle,,
the-making-of-a-manager-julie-zhuo,The Making of a Manager,Julie Zhuo,audiobook+ebook,owned,yes,47,2019-05-04,,2,audible; kindle,,
where-the-crawdads-sing-reese-s-book-club-delia-owens,Where the Crawdads Sing: Reese's Book Club,Delia Owens,audiobook+ebook,finished,yes,100,2019-04-24,,2,audible; kindle,,
spanish-vocabulary-quick-study,Spanish Vocabulary (Quick Study),,print,owned,,,2019-03-31,,1,amazon-print,,
e-z-spanish-barron-s-easy-series-silverstein-wald-pomera,E-Z Spanish (Barron's Easy Series),"Silverstein, Wald, Pomerantz",print,owned,,,2019-03-31,,1,amazon-print; shelf-photo,,
tragic-design-the-impact-of-bad-product-design-and-how-t,Tragic Design: The Impact of Bad Product Design and How to Fix It,,ebook,owned,,,2019-03-04,,2,kindle; kindle-library,,
born-to-run-christopher-mcdougall,Born to Run,Christopher McDougall,audiobook+ebook,owned,,36,2019-03-03,,2,audible; kindle,,
folsom-untold-the-strange-true-story-of-johnny-cash-s-gr,Folsom Untold: The Strange True Story of Johnny Cash's Greatest Album,Danny Robins,audiobook+ebook,uncertain,,23,2019-02-19,,2,audible; kindle,,
the-handmaid-s-tale-margaret-atwood,The Handmaid's Tale,Margaret Atwood,audiobook+ebook,uncertain,,,2019-01-28,,2,audible; kindle,,
elon-musk-ashlee-vance,Elon Musk,Ashlee Vance,audiobook+ebook,owned,,,2019-01-28,,2,audible; kindle,,
can-t-hurt-me-david-goggins,Can't Hurt Me,David Goggins,audiobook+ebook,finished,yes,100,2019-01-26,,2,audible; kindle,,
code-girls-liza-mundy,Code Girls,Liza Mundy,audiobook+ebook,owned,,16,2019-01-24,,2,audible; kindle,,
ready-or-not-150-make-ahead-make-over-and-make-now-recip,"Ready or Not!: 150+ Make-Ahead, Make-Over, and Make-Now Recipes by Nom Nom Pal",,print,owned,,,2019-01-06,,1,amazon-print,,
pati-s-mexican-table-the-secrets-of-real-mexican-home-co,Pati's Mexican Table: The Secrets of Real Mexican Home Cooking,,print,owned,,,2019-01-06,,1,amazon-print,,
viajes-introduccion-al-espanol-world-languages-hershberg,Viajes: Introduccion al espanol (World Languages),"Hershberger, Navey-Davis, Borras",print,owned,,,2019-01-06,,1,amazon-print; shelf-photo,,
becoming-michelle-obama,Becoming,Michelle Obama,audiobook+ebook,finished,yes,100,2018-12-26,,2,audible; kindle,,
leaders-eat-last-simon-sinek,Leaders Eat Last,Simon Sinek,audiobook+ebook,finished,yes,98,2018-11-25,,2,audible; kindle,,
impro-improvisation-and-the-theatre-keith-johnstone,Impro: Improvisation and the Theatre,Keith Johnstone,print,owned,,,2018-11-17,,1,amazon-print; shelf-photo,,
redesigning-leadership-john-maeda-becky-bermont,Redesigning Leadership,"John Maeda,Becky Bermont",audiobook+ebook,finished,yes,99,2018-11-16,,2,audible; kindle,,
bad-blood-john-carreyrou,Bad Blood,John Carreyrou,audiobook+ebook,finished,yes,100,2018-10-25,,2,audible; kindle,,
make-time-jake-knapp-john-zeratsky,Make Time,"Jake Knapp,John Zeratsky",audiobook+ebook,finished,yes,97,2018-10-25,,2,audible; kindle,,
lonely-planet-peru-travel-guide-lonely-planet-carolyn-mc,Lonely Planet Peru (Travel Guide),"Lonely Planet,Carolyn McCarthy,Greg Benchw",ebook,borrowed,,,2018-09-18,,2,kindle-library; prime-reading,,
saveur-bonnier-corp,Saveur,Bonnier Corp,ebook,borrowed,,,2018-09-18,,2,kindle-library; prime-reading,,
the-7-habits-of-highly-effective-people-the-infographics,The 7 Habits of Highly Effective People: The Infographics Edition,Stephen R Covey,ebook,borrowed,,,2018-09-18,,2,kindle-library; prime-reading,,
hbr-guide-to-persuasive-presentations-hbr-guide-series-h,HBR Guide to Persuasive Presentations (HBR Guide Series),"Harvard Business Review,Nancy Duarte",audiobook+ebook,owned,,9,2018-09-17,2019-02-25,4,audible; kindle; kindle-library,,
born-a-crime-trevor-noah,Born a Crime,Trevor Noah,audiobook+ebook,finished,yes,100,2018-09-03,,2,audible; kindle,,
calypso-david-sedaris,Calypso,David Sedaris,audiobook+ebook,finished,yes,100,2018-08-24,,2,audible; kindle,,
how-to-change-your-mind-michael-pollan,How to Change Your Mind,Michael Pollan,audiobook+ebook,finished,yes,100,2018-08-24,,2,audible; kindle,,
hiking-atlanta-s-hidden-forests-intown-and-out,Hiking Atlanta's Hidden Forests: Intown and Out,,print,owned,,,2018-07-09,,1,amazon-print,,
hiking-georgia-a-guide-to-the-state-s-greatest-hiking-ad,Hiking Georgia: A Guide to the State's Greatest Hiking Adventures (State Hikin,,print,owned,,,2018-07-09,,1,amazon-print,,
why-we-sleep-matthew-walker-phd,Why We Sleep,Matthew Walker PhD,audiobook+ebook,owned,,33,2018-06-26,,2,audible; kindle,,
cork-dork-a-wine-fueled-adventure-among-the-obsessive-so,"Cork Dork: A Wine-Fueled Adventure Among the Obsessive Sommeliers, Big Bottle ",,print,owned,,,2018-06-10,,1,amazon-print,,
shoe-dog-phil-knight,Shoe Dog,Phil Knight,audiobook+ebook,finished,yes,100,2018-06-04,,2,audible; kindle,,
the-speed-of-trust-the-one-thing-that-changes-everything,The SPEED of TRUST: The One Thing That Changes Everything,,print,owned,,,2018-05-16,,1,amazon-print,,
the-gifts-of-imperfection-let-go-of-who-you-think-you-re,The Gifts of Imperfection: Let Go of Who You Think You're Supposed to Be and E,,print,owned,,,2018-05-16,,1,amazon-print,,
the-emperor-of-all-maladies-siddhartha-mukherjee,The Emperor of All Maladies,Siddhartha Mukherjee,audiobook+ebook,uncertain,,4,2018-04-25,,2,audible; kindle,,
the-girl-on-the-train-a-novel-paula-hawkins,The Girl on the Train: A Novel,Paula Hawkins,ebook,borrowed,,,2018-04-07,,2,kindle-library; library-via-kindle,,
hooked-how-to-build-habit-forming-products-nir-eyal-ryan,Hooked: How to Build Habit-Forming Products,"Nir Eyal,Ryan Hoover",ebook,borrowed,,,2018-04-06,2021-01-13,3,kindle-library; library-via-kindle,,
listography-the-game-may-the-best-list-win,Listography: The Game: May the Best List Win!,,print,owned,,,2017-12-13,,1,amazon-print,,
the-southerner-s-cookbook-recipes-wisdom-and-stories,"The Southerner's Cookbook: Recipes, Wisdom, and Stories",,print,owned,,,2017-12-09,,1,amazon-print,,
winning-with-data-transform-your-culture-empower-your-pe,"Winning with Data: Transform Your Culture, Empower Your People, and Shape the ",,print,owned,,,2017-12-07,,1,amazon-print,,
nice-girls-don-t-get-the-corner-office-unconscious-mista,Nice Girls Don't Get the Corner Office: Unconscious Mistakes Women Make That S,,print,owned,,,2017-12-07,,1,amazon-print,,
peru-the-cookbook,Peru: The Cookbook,,print,owned,,,2017-11-13,,1,amazon-print,,
thinking-fast-and-slow-unabridged,"Thinking, Fast and Slow (Unabridged)",,print,wishlist,,,2017-09-30,2023-08-04,2,amazon-print; audible-wishlist,,
information-dashboard-design-the-effective-visual-commun,Information Dashboard Design: The Effective Visual Communication of Data,,print,owned,yes,,2017-09-30,,1,amazon-print,,
the-complete-idiot-s-guide-to-music-theory-2nd-edition-c,"The Complete Idiot's Guide to Music Theory, 2nd Edition (Complete Idiot's Guid",,print,owned,,,2017-09-30,,1,amazon-print,,
city-on-the-verge-atlanta-and-the-fight-for-america-s-ur,City on the Verge: Atlanta and the Fight for Americas Urban Future,,print,owned,,,2017-09-22,,1,amazon-print,,
ready-player-one,Ready Player One,,ebook,owned,yes,,2017-09-05,,2,kindle; kindle-library,,
designing-for-emotion,Designing for Emotion,,print,owned,,,2017-07-17,,1,amazon-print,,
remarkable,Remarkable!,,print,owned,,,2017-04-01,,1,amazon-print,,
information-theory-a-tutorial-introduction,Information Theory: A Tutorial Introduction,,print,owned,,,2017-04-01,,1,amazon-print,,
see-yourself-x-human-futures-expanded,See Yourself X: Human Futures Expanded,,print,owned,,,2017-02-18,,1,amazon-print,,
the-epic-struggle-of-the-internet-of-things,The Epic Struggle of the Internet of Things,,ebook,owned,,,2017-01-29,,2,kindle; kindle-library,,
dark-matter-and-trojan-horses-a-strategic-design-vocabul,Dark matter and trojan horses. A strategic design vocabulary.,,ebook,owned,,,2017-01-29,,2,kindle; kindle-library,,
start-with-why-how-great-leaders-inspire-everyone-to-tak,Start with Why: How Great Leaders Inspire Everyone to Take Action,,print,owned,,,2017-01-22,,1,amazon-print,,
march-trilogy-slipcase-set,March (Trilogy Slipcase Set),,print,owned,,,2016-11-18,,1,amazon-print,,
sprint-how-to-solve-big-problems-and-test-new-ideas-in-j,Sprint: How to Solve Big Problems and Test New Ideas in Just Five Days,,print,owned,yes,,2016-11-13,,1,amazon-print,,
1q84-vintage-international-haruki-murakami,1Q84 (Vintage International),Haruki Murakami,print,owned,,,2016-11-13,,1,amazon-print; shelf-photo,,
mexican-today-new-and-rediscovered-recipes-for-contempor,Mexican Today: New and Rediscovered Recipes for Contemporary Kitchens,,print,owned,,,2016-10-04,,1,amazon-print,,
to-sell-is-human-the-surprising-truth-about-moving-other,To Sell Is Human: The Surprising Truth About Moving Others,,print,owned,,,2016-07-12,,1,amazon-print,,
brooklyn,Brooklyn,,ebook,uncertain,,,2016-07-04,,1,kindle,,
earl-scruggs-and-the-5-string-banjo-revised-and-enhanced,Earl Scruggs and the 5-String Banjo: Revised and Enhanced Edition - Book with ,,print,owned,,,2016-06-25,2016-12-16,2,amazon-print,,
osaka-loop-line,Osaka Loop Line,,ebook,uncertain,,,2016-06-25,,1,kindle,,
understanding-genetics-dna-genes-and-their-real-world-ap,"Understanding Genetics: DNA, Genes, and Their Real-World Applications","David Sadava,The Great Courses",audiobook+ebook,uncertain,,,2016-04-25,,2,audible; kindle,,
americanah-chimamanda-ngozi-adichie,Americanah,Chimamanda Ngozi Adichie,audiobook+ebook,owned,,0,2016-03-25,,2,audible; kindle,,
how-to-win-friends-influence-people-dale-carnegie,How to Win Friends & Influence People,Dale Carnegie,audiobook+ebook,finished,yes,0,2016-02-17,,2,audible; kindle,,
yes-please-amy-poehler,Yes Please,Amy Poehler,audiobook+ebook,owned,,16,2016-01-22,,2,audible; kindle,,
modern-romance-aziz-ansari-eric-klinenberg,Modern Romance,"Aziz Ansari,Eric Klinenberg",audiobook+ebook,owned,,,2015-12-18,,2,audible; kindle,,
biology-the-science-of-life-stephen-nowicki-the-great-co,Biology: The Science of Life,"Stephen Nowicki,The Great Courses",audiobook+ebook,uncertain,,57,2015-11-19,,2,audible; kindle,,
spanish-verbs-quickstudy-academic,Spanish Verbs (Quickstudy: Academic),,print,owned,,,2015-11-13,,1,amazon-print,,
practice-makes-perfect-spanish-verb-tenses-premium-3rd-e,"Practice Makes Perfect Spanish Verb Tenses, Premium 3rd Edition (Practice Make",,print,owned,,,2015-11-13,,1,amazon-print,,
spanish-level-1-lessons-1-5-pimsleur,Spanish Level 1 Lessons 1-5,Pimsleur,audiobook+ebook,uncertain,,89,2015-10-18,,2,audible; kindle,,
zero-to-one-peter-thiel-blake-masters,Zero to One,"Peter Thiel,Blake Masters",audiobook+ebook,finished,yes,,2015-10-15,,2,audible; kindle,,
lonely-planet-rajasthan-delhi-agra-travel-guide,"Lonely Planet Rajasthan, Delhi & Agra (Travel Guide)",,print,owned,,,2015-08-31,,1,amazon-print,,
the-city-of-to-morrow-and-its-planning-dover-architectur,The City of To-morrow and Its Planning (Dover Architecture),,print,owned,,,2014-12-19,,1,amazon-print,,
gather-the-art-of-paleo-entertaining,"Gather, the Art of Paleo Entertaining",,ebook,owned,,,2014-11-25,,2,kindle; kindle-library,,
beyond-bacon-paleo-recipes-that-respect-the-whole-hog,Beyond Bacon: Paleo Recipes that Respect the Whole Hog,,ebook,owned,,,2014-11-25,,2,kindle; kindle-library,,
the-paleo-solution-the-original-human-diet,The Paleo Solution: The Original Human Diet,,ebook,owned,,,2014-11-25,,2,kindle; kindle-library,,
the-paleo-kitchen-finding-primal-joy-in-modern-cooking,The Paleo Kitchen: Finding Primal Joy in Modern Cooking,,ebook,owned,,,2014-11-25,,2,kindle; kindle-library,,
the-ancestral-table-traditional-recipes-for-a-paleo-life,The Ancestral Table: Traditional Recipes for a Paleo Lifestyle,,ebook,owned,,,2014-11-25,,2,kindle; kindle-library,,
javascript-and-jquery-interactive-front-end-web-developm,JavaScript and JQuery: Interactive Front-End Web Development,,print,owned,,,2014-07-18,,1,amazon-print,,
summerland-recipes-for-celebrating-with-southern-hospita,Summerland: Recipes for Celebrating with Southern Hospitality,,print,owned,,,2014-05-06,,1,amazon-print,,
moneyball,Moneyball,,ebook,uncertain,,,2014-04-26,,1,kindle,,
not-available,Not Available,,ebook,owned,,,2014-03-29,2025-06-23,14,kindle-library,,
cooking-for-geeks-real-science-great-hacks-and-good-food,"Cooking for Geeks: Real Science, Great Hacks, and Good Food",,print,owned,,,2014-02-26,,1,amazon-print,,
becoming-a-supple-leopard-the-ultimate-guide-to-resolvin,"Becoming a Supple Leopard: The Ultimate Guide to Resolving Pain, Preventing In",Kelly Starrett,print,owned,,,2014-02-26,,1,amazon-print; shelf-photo,,
against-all-grain-delectable-paleo-recipes-to-eat-well-f,Against All Grain: Delectable Paleo Recipes to Eat Well & Feel Great,,print,owned,,,2014-02-26,,1,amazon-print,,
adversarial-design-design-thinking-design-theory,"Adversarial Design (Design Thinking, Design Theory)",,ebook,owned,,,2013-12-05,,2,kindle; kindle-library,,
think-like-a-programmer-an-introduction-to-creative-prob,Think Like a Programmer: An Introduction to Creative Problem Solving,,ebook,owned,,,2013-12-05,,2,kindle; kindle-library,,
mockingjay-hunger-games-trilogy-book-3-suzanne-collins,"Mockingjay (Hunger Games Trilogy, Book 3)",Suzanne Collins,ebook,borrowed,,,2013-12-05,,2,kindle-library; kindle-owners-lending,,
mighty-bright-blu-xflex-2-lght,Mighty Bright-Blu-Xflex 2-Lght,,print,owned,,,2013-08-15,,1,amazon-print,,
the-hunger-games-hunger-games-trilogy-book-1-suzanne-col,"The Hunger Games (Hunger Games Trilogy, Book 1)",Suzanne Collins,ebook,borrowed,,,2013-08-10,,2,kindle-library; kindle-owners-lending,,
sara-bareilles-little-voice-easy-piano,Sara Bareilles: Little Voice (Easy Piano),,print,owned,,,2013-08-08,,1,amazon-print,,
the-piano-songbook-radiohead-28-of-radiohead-s-biggest-h,The Piano Songbook Radiohead 28 Of Radiohead's Biggest Hits PVG,,print,owned,,,2013-08-08,,1,amazon-print,,
the-variable-man,The Variable Man,,ebook,owned,,,2013-06-29,,1,kindle-library,,
magcredible-magnets-1-2-x-1-16-rare-earth-disc-package-o,"MAGCREDIBLEÂ® Magnets - 1/2"" x 1/16"" Rare Earth Disc, Package of 24",,print,owned,,,2013-05-29,,1,amazon-print,,
wheat-belly-william-davis-md,Wheat Belly,William Davis MD,library+print,owned,,,2013-05-12,2023-09-05,2,amazon-print; libby,,
trend-forecaster-s-handbook,Trend Forecaster's Handbook,,print,owned,,,2013-04-12,,1,amazon-print,,
the-chord-wheel-the-ultimate-tool-for-all-musicians,The Chord Wheel: The Ultimate Tool for All Musicians,,print,owned,,,2013-02-18,,1,amazon-print,,
hanon-the-virtuoso-pianist-in-sixty-exercises-complete-s,"Hanon: The Virtuoso Pianist in Sixty Exercises, Complete (Schirmer's Library o",,print,owned,,,2013-02-18,,1,amazon-print,,
paleo-slow-cooker-52-healthy-gluten-free-recipes-healthy,"Paleo Slow Cooker: 52 Healthy, Gluten Free Recipes (Healthy Slow Cooker Recipe",,ebook,owned,,,2013-01-18,,2,kindle; kindle-library,,
make-electronics-learning-by-discovery-charles-platt,Make: Electronics (Learning by Discovery),Charles Platt,print,owned,,,2012-12-26,,1,amazon-print; shelf-photo,,
paleo-comfort-foods-homestyle-cooking-for-a-gluten-free,Paleo Comfort Foods: Homestyle Cooking for a Gluten-Free Kitchen (No),,print,owned,,,2012-03-22,,1,amazon-print,,
the-invention-of-hugo-cabret,The Invention of Hugo Cabret,,print,owned,,,2012-01-29,,1,amazon-print,,
programming-interactivity-a-designer-s-guide-to-processi,"Programming Interactivity: A Designer's Guide to Processing, Arduino, and Open",,print,owned,,,2012-01-08,,1,amazon-print,,
the-presentation-of-self-in-everyday-life,The Presentation of Self in Everyday Life,,print,owned,,,2011-09-20,,1,amazon-print,,
getting-started-with-arduino-make-projects,Getting Started with Arduino (Make: Projects),,print,owned,,,2011-08-28,,1,amazon-print,,
interactive-data-visualization-foundations-techniques-an,"Interactive Data Visualization: Foundations, Techniques, and Applications",,print,owned,,,2011-08-21,,1,amazon-print,,
non-places-an-introduction-to-supermodernity,Non-Places: An Introduction to Supermodernity,,print,owned,,,2011-08-19,,1,amazon-print,,
after-the-affair-healing-the-pain-and-rebuilding-trust-w,After the Affair: Healing the Pain and Rebuilding Trust When a Partner Has Bee,,print,owned,,,2011-05-17,,1,amazon-print,,
javascript-your-visual-blueprint-for-building-dynamic-we,"JavaScript: Your Visual Blueprint for Building Dynamic Web Pages, 2nd Edition",,print,owned,,,2011-05-17,,1,amazon-print,,
love-respect-workbook,Love & Respect Workbook,,print,owned,,,2011-04-11,,1,amazon-print,,
please-understand-me-character-and-temperament-types,Please Understand Me: Character and Temperament Types,,print,owned,,,2011-04-11,,1,amazon-print,,
love-respect-the-love-she-most-desires-the-respect-he-de,Love & Respect: The Love She Most Desires; The Respect He Desperately Needs,,print,owned,,,2011-04-11,,1,amazon-print,,
the-visual-miscellaneum-a-colorful-guide-to-the-world-s,The Visual Miscellaneum: A Colorful Guide to the World's Most Consequential Tr,,print,owned,,,2011-03-23,,1,amazon-print,,
data-flow-visualising-information-in-graphic-design,Data Flow: Visualising Information in Graphic Design,,print,owned,,,2011-03-23,,1,amazon-print,,
water-alphabet-city,Water (Alphabet City),,print,owned,,,2011-03-23,,1,amazon-print,,
culture-war-the-myth-of-a-polarized-america-3rd-edition,Culture War? The Myth of a Polarized America (3rd Edition),,print,owned,,,2011-03-16,,1,amazon-print,,
the-design-of-everyday-things-donald-a-norman,The Design of Everyday Things,Donald A. Norman,library+print,owned,yes,,2011-01-27,2026-07-06,2,amazon-print; libby,,
envisioning-information,Envisioning Information,,print,owned,,,2011-01-27,,1,amazon-print,,
interactive-design-for-new-media-and-the-web,Interactive Design for New Media and the Web,,print,owned,,,2011-01-27,,1,amazon-print,,
bioinformatics-for-dummies,Bioinformatics For Dummies,,print,owned,,,2011-01-07,,1,amazon-print,,
edgar-allan-poe-s-complete-poetical-works,Edgar Allan Poe's Complete Poetical Works,,ebook,uncertain,,,2010-10-24,,1,kindle; kindle-library,,
the-conscious-cook-delicious-meatless-recipes-that-will,The Conscious Cook: Delicious Meatless Recipes That Will Change the Way You Ea,,print,owned,,,2010-10-05,,1,amazon-print,,
mla-handbook-for-writers-of-research-papers-7th-edition,MLA Handbook for Writers of Research Papers 7th Edition,,print,owned,,,2010-08-31,,1,amazon-print,,
pictorial-webster-s-a-visual-dictionary-of-curiosities-j,Pictorial Webster's: A Visual Dictionary of Curiosities,John Carrera,print,owned,,,2010-08-24,,1,amazon-print; shelf-photo,,
sensation-perception-second-edition,"Sensation & Perception, Second Edition",,print,owned,,,2010-08-24,,1,amazon-print,,
first-person-new-media-as-story-performance-and-game,"First Person: New Media as Story, Performance, and Game",,print,owned,,,2010-05-27,,1,amazon-print,,
hamlet-on-the-holodeck-the-future-of-narrative-in-cybers,Hamlet on the Holodeck: The Future of Narrative in Cyberspace,,print,owned,,,2010-05-27,,1,amazon-print,,
the-kind-diet-a-simple-guide-to-feeling-great-losing-wei,"The Kind Diet: A Simple Guide to Feeling Great, Losing Weight, and Saving the ",,print,owned,,,2010-05-27,,1,amazon-print,,
windows-and-mirrors-interaction-design-digital-art-and-t,"Windows and Mirrors: Interaction Design, Digital Art, and the Myth of Transpar",,print,owned,,,2010-05-27,,1,amazon-print,,
sams-teach-yourself-beginning-programming-in-24-hours-2n,Sams Teach Yourself Beginning Programming in 24 Hours (2nd Edition),,print,owned,,,2010-05-05,,1,amazon-print,,
into-the-nature-of-creatures-and-wilderness,Into the Nature: Of Creatures And Wilderness,,print,owned,,,2010-05-03,,1,amazon-print,,
sundays-at-moosewood-restaurant-ethnic-and-regional-reci,Sundays at Moosewood Restaurant: Ethnic and Regional Recipes from the Cooks at,,print,owned,,,2010-05-03,,1,amazon-print,,
home-improvement-1-2-3-expert-advice-from-the-home-depot,Home Improvement 1-2-3: Expert Advice from The Home Depot (Home Depot ... 1-2-,,print,owned,,,2010-05-03,,1,amazon-print,,
hailstones-and-halibut-bones-adventures-in-color,Hailstones And Halibut Bones Adventures in color,,print,owned,,,2010-03-29,,1,amazon-print,,
make-the-impossible-possible-one-man-s-crusade-to-inspir,Make the Impossible Possible: One Man's Crusade to Inspire Others to Dream Big,,print,owned,,,2010-02-10,,1,amazon-print,,
gardening-all-in-one-for-dummies,Gardening All-in-One for Dummies,,print,owned,,,2010-02-10,,1,amazon-print,,
simon-schuster-handbook-for-writers-8th-edition-mycompla,Simon & Schuster Handbook for Writers (8th Edition) (MyCompLab Series),,print,owned,,,2010-01-25,,1,amazon-print,,
new-indian-home-cooking,New Indian Home Cooking,,print,owned,,,2009-11-17,,1,amazon-print,,
on-writing,On Writing,,print,owned,,,2009-11-17,,1,amazon-print,,
indian-cooking-without-fat-the-revolutionary-new-way-to,Indian Cooking Without Fat: The Revolutionary New Way to Enjoy Healthy and Del,,print,owned,,,2009-11-17,,1,amazon-print,,
processing-creative-coding-and-computational-art-foundat,Processing: Creative Coding and Computational Art (Foundation),,print,owned,,,2009-10-31,,1,amazon-print,,
country-wisdom-know-how,Country Wisdom & Know-How,,print,owned,,,2009-10-28,,1,amazon-print,,
a-guide-book-of-united-states-coins-2010-the-official-re,A Guide Book of United States Coins 2010: The Official Redbook,,print,owned,,,2009-09-19,,1,amazon-print,,
extraordinary-uses-for-ordinary-things-2-317-ways-to-sav,"Extraordinary Uses for Ordinary Things: 2,317 Ways to Save Money and Time",,print,owned,,,2009-09-19,,1,amazon-print,,
practical-meditation-for-busy-souls-with-audio-cd,Practical Meditation for Busy Souls With Audio CD,,print,owned,,,2009-06-22,,2,amazon-print,,
essential-reiki-a-complete-guide-to-an-ancient-healing-a,Essential Reiki: A Complete Guide to an Ancient Healing Art,,print,owned,,,2009-06-22,,1,amazon-print,,
the-secret-art-of-boabom-awakening-inner-power-through-d,The Secret Art of Boabom: Awakening Inner Power Through Defense-Meditation fro,,print,owned,,,2009-06-22,,1,amazon-print,,
the-tree-of-yoga-shambhala-classics,The Tree of Yoga (Shambhala Classics),,print,owned,,,2009-04-21,,1,amazon-print,,
exploring-consciousness-rita-carter,Exploring Consciousness,Rita Carter,print,owned,,,2009-04-21,,1,amazon-print; shelf-photo,,
heart-of-darkness-and-the-congo-diary-penguin-classics,Heart of Darkness and The Congo Diary (Penguin Classics),,print,owned,,,2009-04-21,,1,amazon-print,,
veganomicon-the-ultimate-vegan-cookbook,Veganomicon: The Ultimate Vegan Cookbook,,print,owned,,,2009-02-18,,1,amazon-print,,
light-science-and-magic-an-introduction-to-photographic,Light: Science and Magic: An Introduction to Photographic Lighting,,print,owned,,,2009-02-02,,1,amazon-print,,
awake-to-nap,Awake to Nap,,print,owned,,,2009-01-20,,1,amazon-print,,
get-clark-smart-the-ultimate-guide-for-the-savvy-consume,Get Clark Smart : The Ultimate Guide for the Savvy Consumer,,,,,,,,,,,2026-09-13
art-forms-from-the-ocean-the-radiolarian-atlas-of-1862,Art Forms From The Ocean: The Radiolarian Atlas Of 1862,,print,owned,,,2008-11-04,,1,amazon-print,,
art-forms-in-nature-the-prints-of-ernst-haeckel-monograp,Art Forms in Nature: The Prints of Ernst Haeckel (Monographs),,print,owned,,,2008-11-04,,1,amazon-print,,
sex-drugs-and-cocoa-puffs-a-low-culture-manifesto-paperb,"Sex, Drugs, and Cocoa Puffs: A Low Culture Manifesto [Paperback]  by Klosterma",,print,owned,,,2008-03-14,,1,amazon-print,,
love-is-a-mix-tape-life-and-loss-one-song-at-a-time-pape,"Love Is a Mix Tape: Life and Loss, One Song at a Time [Paperback]  by Sheffiel",,print,owned,,,2008-03-14,,1,amazon-print,,
dance-for-two-essays-paperback-by-lightman-alan-alan-lig,"Dance for Two: Essays [Paperback]  by Lightman, Alan",Alan Lightman,print,owned,,,2008-03-14,,1,amazon-print; shelf-photo,,
chuck-klosterman-iv-a-decade-of-curious-people-and-dange,Chuck Klosterman IV: A Decade of Curious People and Dangerous Ideas [Abridged.,,print,owned,,,2008-03-14,,1,amazon-print,,
thinking-with-type-a-critical-guide-for-designers-writer,"Thinking with Type: A Critical Guide for Designers, Writers, Editors, & Studen",,print,owned,,,2008-01-27,,1,amazon-print,,
maps-of-the-imagination-the-writer-as-cartographer,Maps of the Imagination: The Writer as Cartographer,,print,owned,,,2008-01-27,,1,amazon-print,,
collect-raindrops-the-seasons-gathered,Collect Raindrops: The Seasons Gathered,,print,owned,,,2008-01-27,,1,amazon-print,,
getting-started-in-electronics-forrest-m-mims-iii,Getting Started in Electronics,Forrest M. Mims III,print,owned,,,2008-01-27,,1,amazon-print; shelf-photo,,
the-business-side-of-creativity-the-complete-guide-to-ru,The Business Side of Creativity: The Complete Guide to Running a Small Graphic,,print,owned,,,2007-07-31,,1,amazon-print,,
living-large-in-small-spaces-expressing-personal-style-i,"Living Large in Small Spaces: Expressing Personal Style in 100 to 1,000 Square",,print,owned,,,2007-05-30,,1,amazon-print,,
avid-xpress-pro-for-windows-and-macintosh-visual-quickpr,Avid Xpress Pro for Windows and Macintosh (Visual QuickPro Guide) [Paperback..,,print,owned,,,2005-11-10,,1,amazon-print,,
mad-the-bad-and-the-innocent-the-the-criminal-mind-on-tr,"Mad, the Bad, and the Innocent, The : The Criminal Mind on Trial - Tales of a.",,print,owned,,,2005-11-07,,1,amazon-print,,
screenwriters-award-winner-gift-set-the-shawshank-redemp,"Screenwriters Award-Winner Gift Set: The Shawshank Redemption, American Beauty",,print,owned,,,2004-12-07,,1,amazon-print,,
eternal-sunshine-of-the-spotless-mind-the-shooting-scrip,Eternal Sunshine of the Spotless Mind: The Shooting Script (Newmarket Shooting,,print,owned,,,2004-12-07,,1,amazon-print,,
hotel-lachapelle-photographs,Hotel Lachapelle: Photographs,,print,owned,,,2002-09-23,,1,amazon-print,,
water-dog-hardcover-by-smith-a-wolters-richard-a,"Water Dog [Hardcover]  by Smith, A.; Wolters, Richard A.",,print,owned,,,2002-05-27,,1,amazon-print,,
graphic-artists-guild-handbook-pricing-ethical-guideline,Graphic Artists Guild Handbook : Pricing & Ethical Guidelines (Graphic Artists,,print,owned,,,2002-01-08,,1,amazon-print,,
flash-4-for-windows-and-macintosh-visual-quickstart-guid,Flash 4 for Windows and Macintosh Visual Quickstart Guide [Paperback]  by...,,print,owned,,,2001-08-30,,1,amazon-print,,
einstein-s-dreams-alan-lightman,Einstein's Dreams,Alan Lightman,print,owned,,,2001-04-11,,1,amazon-print; shelf-photo,,
fireworks-2-for-windows-and-macintosh-visual-quickstart,Fireworks 2 for Windows and Macintosh Visual Quickstart Guide,,print,owned,,,2000-10-30,,1,amazon-print,,
my-girl, My Girl,,print,owned,,,2000-10-20,,1,amazon-print,,
html-4-for-the-world-wide-web-fourth-edition-visual-quic,"HTML 4 for the World Wide Web, Fourth Edition: Visual QuickStart Guide",,print,owned,,,2000-03-22,,1,amazon-print,,
the-cell-life-science-library,The Cell,Life Science Library,print,owned,,,,,0,shelf-photo,,
sound-and-hearing-life-science-library,Sound and Hearing,Life Science Library,print,owned,,,,,0,shelf-photo,,
movements-of-magic-the-spirit-of-t-ai-chi-ch-uan-bob-kle,Movements of Magic: The Spirit of T'ai-Chi-Ch'uan,Bob Klein,print,owned,,,,,0,shelf-photo,,
practice-makes-perfect-spanish-verb-tenses-richmond,Practice Makes Perfect: Spanish Verb Tenses,Richmond,print,owned,,,,,0,shelf-photo,,
understanding-comics-scott-mccloud,Understanding Comics,Scott McCloud,print,owned,yes,,,,0,shelf-photo,,
what-wild-women-do-karma-brown,What Wild Women Do,Karma Brown,print,owned,,,,,0,shelf-photo,,
the-mapmaker-s-wife-robert-whitaker,The Mapmaker's Wife,Robert Whitaker,print,owned,,,,,0,shelf-photo,,
the-last-spike-pierre-berton,The Last Spike,Pierre Berton,print,owned,,,,,0,shelf-photo,,
the-hero-with-a-thousand-faces-joseph-campbell,The Hero with a Thousand Faces,Joseph Campbell,print,owned,,,,,0,shelf-photo,,
the-new-jim-crow-michelle-alexander,The New Jim Crow,Michelle Alexander,print,owned,,,,,0,shelf-photo,,
are-you-my-mother-alison-bechdel,Are You My Mother?,Alison Bechdel,print,owned,,,,,0,shelf-photo,,
west-with-giraffes-lynda-rutledge,West with Giraffes,Lynda Rutledge,print,owned,,,,,0,shelf-photo,,
jitterbug-perfume-tom-robbins,Jitterbug Perfume,Tom Robbins,print,owned,,,,,0,shelf-photo,,
on-trails-robert-moor,On Trails,Robert Moor,print,owned,,,,,0,shelf-photo,,
heart-of-darkness-joseph-conrad,Heart of Darkness,Joseph Conrad,print,owned,,,,,0,shelf-photo,,
the-bhagavad-gita,The Bhagavad Gita,,print,owned,,,,,0,shelf-photo,,
a-pin-to-see-the-peepshow-f-tennyson-jesse,A Pin to See the Peepshow,F. Tennyson Jesse,print,owned,,,,,0,shelf-photo,,
visual-intelligence-how-we-create-what-we-see-donald-d-h,Visual Intelligence: How We Create What We See,Donald D. Hoffman,print,owned,,,,,0,shelf-photo,,
gray-s-anatomy,Gray's Anatomy,,print,owned,,,,,0,shelf-photo,,
atlas-of-anatomy,Atlas of Anatomy,,print,owned,,,,,0,shelf-photo,,
the-body-bill-bryson,The Body,Bill Bryson,print,owned,,,,,0,shelf-photo,,
anatomy-of-hatha-yoga-david-coulter,Anatomy of Hatha Yoga,David Coulter,print,owned,,,,,0,shelf-photo,,
hollow-kingdom-kira-jane-buxton,Hollow Kingdom,Kira Jane Buxton,print,reading,,,,,0,shelf-photo,,
life-after-cars-goodyear-gordon-naparstek,Life After Cars,"Goodyear, Gordon, Naparstek",print,owned,,,,,0,shelf-photo,,
raspberry-pi-the-complete-manual,Raspberry Pi: The Complete Manual,,print,owned,,,,,0,shelf-photo,,
walt-disney-s-treasury-of-children-s-classics,Walt Disney's Treasury of Children's Classics,,print,owned,yes,,,,0,shelf-photo,,
greg-hildebrandt-s-favorite-fairy-tales-greg-hildebrandt,Greg Hildebrandt's Favorite Fairy Tales,Greg Hildebrandt,print,owned,yes,,,,0,shelf-photo,,
peachtree-creek-kaufman,Peachtree Creek,Kaufman,print,owned,,,,,0,shelf-photo,,
broken-horses-brandi-carlile,Broken Horses,Brandi Carlile,print,owned,yes,,,,0,shelf-photo,,
where-we-want-to-live-ryan-gravel,Where We Want to Live,Ryan Gravel,print,owned,,,,,0,shelf-photo,,
a-call-to-action-jimmy-carter,A Call to Action,Jimmy Carter,print,owned,,,,,0,shelf-photo,,
historia-del-peru-2-antonio-guevara-espinoza,Historia del Peru 2,Antonio Guevara Espinoza,print,owned,,,,,0,shelf-photo,,
leadership-fitness-rice,Leadership Fitness,Rice,print,owned,,,,,0,shelf-photo,,
latin-american-philosophy-nuccetelli-seay,Latin American Philosophy,"Nuccetelli, Seay",print,owned,,,,,0,shelf-photo,,
predicting-the-penis-anne-louis-joyce-bandler,Predicting the Penis,"Anne Louis, Joyce Bandler",print,owned,,,,,0,shelf-photo,,
haya-de-la-torre-y-el-apra-luis-alberto-sanchez,Haya de la Torre y el APRA,Luis Alberto Sanchez,print,owned,,,,,0,shelf-photo,,
facts-and-forms-e-t-rob,Facts and Forms,E.T. Rob,print,owned,,,,,0,shelf-photo,,
introduction-to-botany-bergen-and-caldwell,Introduction to Botany,Bergen and Caldwell,print,owned,,,,,0,shelf-photo,,
paddling-my-own-canoe-audrey-sutherland,Paddling My Own Canoe,Audrey Sutherland,print,owned,,,,,0,shelf-photo,,
the-real-valkyrie-nancy-marie-brown,The Real Valkyrie,Nancy Marie Brown,print,owned,,,,,0,shelf-photo,,
on-island-time-a-traveler-s-atlas-chandler-o-leary,On Island Time: A Traveler's Atlas,Chandler O'Leary,print,owned,,,,,0,shelf-photo,,
